url,out,checksum
https://researchdata.ntu.edu.sg/api/access/datafile/89458?gbrecs=true,../maskers.zip,34f34a8e1264ca2aae0788c1101de5c1d9ff9af804cb4aa5388a161fd916773b5b4d165c5d546e516ab035b5b5499d015cc00f77ff8fc31107999e08e44d5cc1
https://researchdata.ntu.edu.sg/api/access/datafile/92050?gbrecs=true,../figures.zip,4462f9ffafcbfd9bae3d0f19a9bc88d7e19f21a62629abd5daae99923251ecc269773b91b1c6c0499380cc84f437dfaf14fbc7bce1242b4b3de6f53750d4719b
https://researchdata.ntu.edu.sg/api/access/datafile/92052?gbrecs=true,../data.zip,f1bea7554fb4520e063f54ca70781e56a01090488a13c81af40bb26f7428639da07138bb05d81076dcf8052ac915c51f4afe01307b44b526e45a3a3482ed7fe3
https://researchdata.ntu.edu.sg/api/access/datafile/89459?gbrecs=true,../soundscapes.zip,e462e963d28835f25bb40a2a0c01f1c33e654367f1a7dc073becb352bb388d3c9de68c130dcb4d204b9809411ec42558b379a8607ed6a34efa752a3012e534a2
https://urban-soundscapes.s3.eu-central-1.wasabisys.com/soundscapes/audio/binaural/R0001_segment_binaural.wav,../soundscapes_raw/R0001_segment_binaural.wav,175f245fd4756350c67b38e72283b2f87033ea4323799dbff0be595ecb9e4e37c478ecb85a5ae69b5ad329a45927242a2be998b9d303f3922e76cac5602c0e6f
https://urban-soundscapes.s3.eu-central-1.wasabisys.com/soundscapes/audio/binaural/R0002_segment_binaural.wav,../soundscapes_raw/R0002_segment_binaural.wav,104a88e7ff3a9f3d937dd4339872a706202a9a3ca8dca77831f9a16290fe06f03d2e43a7acb14a272f61d7e9b22def47f46816c9c904da53f1f70bd6911a3cc9
https://urban-soundscapes.s3.eu-central-1.wasabisys.com/soundscapes/audio/binaural/R0003_segment_binaural.wav,../soundscapes_raw/R0003_segment_binaural.wav,065aa12f51b4aeecd183bb014d4c828996304c9d9deb304fc0342d0948c1ae8d3a6483f2dbd16bc5d204a6c3e527b82e54fa1bd6112c9b4ac190d27ce1101158
https://urban-soundscapes.s3.eu-central-1.wasabisys.com/soundscapes/audio/binaural/R0004_segment_binaural.wav,../soundscapes_raw/R0004_segment_binaural.wav,a43ddd325696dab569d075c0776772605a22da6d59c8e0699a750bb5e5462f5933fbed35a34575e51f8317d45507029a13898682b1732038f425ffc8a929c713
https://urban-soundscapes.s3.eu-central-1.wasabisys.com/soundscapes/audio/binaural/R0005_segment_binaural.wav,../soundscapes_raw/R0005_segment_binaural.wav,46f84753d465e5071c5a89b6c8d41e4fd297285968c5fb6f8a5348690f00237f5bd07b8ea6728370702116ae1c9fb64725de4ff6261997e3e7206e1fb140f796
https://urban-soundscapes.s3.eu-central-1.wasabisys.com/soundscapes/audio/binaural/R0006_segment_binaural.wav,../soundscapes_raw/R0006_segment_binaural.wav,eeba9bcfc3fbbc84656a4f4795d2a7e4b1491f661d98259df9c733575adfe19c6de2846bdc22a8b70f2b4d4e884412c1ffdd8712bcdf52378eb6a068df6e0585
https://urban-soundscapes.s3.eu-central-1.wasabisys.com/soundscapes/audio/binaural/R0007_segment_binaural.wav,../soundscapes_raw/R0007_segment_binaural.wav,38d81ef700c7c10effec99a9a30b204a2e21d327d24ecbcbc5407b0710cf341139e91e36d5fd94dc0dcdde1d65d9b02e04fd85c2cf15749f019509f468294ff3
https://urban-soundscapes.s3.eu-central-1.wasabisys.com/soundscapes/audio/binaural/R0008_segment_binaural.wav,../soundscapes_raw/R0008_segment_binaural.wav,d304584915818b910b232fe5970f36e8029d0990f33faa84cfa7956e2ebd4b5eb14bff7571c0de6056114ef04fd1ef8aebbfc015f013f0316d2f07a69ae56dd2
https://urban-soundscapes.s3.eu-central-1.wasabisys.com/soundscapes/audio/binaural/R0009_segment_binaural.wav,../soundscapes_raw/R0009_segment_binaural.wav,74f0429a83282db6fcc5dd5c55a98112456f128d2bbadae65c4b062d9ab27787bc699f5ef728a21ef6dae291f1d44eca577d8ed40ba3de75b475c374777ba15d
https://urban-soundscapes.s3.eu-central-1.wasabisys.com/soundscapes/audio/binaural/R0010_segment_binaural.wav,../soundscapes_raw/R0010_segment_binaural.wav,708960c1b96298809ffb898087d6d6e790b7af484a6eedd8a53f06b7a40f10f2db0db8f44640bec45b678a54f2bfdd0f9ca02610bd112db165aeb8bc7af577ea
https://urban-soundscapes.s3.eu-central-1.wasabisys.com/soundscapes/audio/binaural/R0011_segment_binaural.wav,../soundscapes_raw/R0011_segment_binaural.wav,06866b38f94b6a7ef3cdb2acf4494eb1224bdec70c8e761af9c1e83c2a2c143cb4203a25b38a322458b5799b529a5544be424a53633a2e8a4892491677567403
https://urban-soundscapes.s3.eu-central-1.wasabisys.com/soundscapes/audio/binaural/R0012_segment_binaural.wav,../soundscapes_raw/R0012_segment_binaural.wav,0f9180de86d1bca4577ab42967b970324930dff7a6f1090cc3d711123b82fffe61caf52fe584bd72809a0c2835fe6949a125740be0d7ebfe730ab69ba977e765
https://urban-soundscapes.s3.eu-central-1.wasabisys.com/soundscapes/audio/binaural/R0013_segment_binaural.wav,../soundscapes_raw/R0013_segment_binaural.wav,93b85edceb2112e1ae8ff3be57baee11939bbc5df1d717a2add6c2921f7f3eb4519c958a64ebb9c6e8262b1aee27612a21476efe9a75840568ada0431d4b03d9
https://urban-soundscapes.s3.eu-central-1.wasabisys.com/soundscapes/audio/binaural/R0015_segment_binaural.wav,../soundscapes_raw/R0015_segment_binaural.wav,5240562c7b5accd21da84fd4aeb1f2ef332b30e8c2b2e5684bde91a91c436dc232f2d29768c907e2b80dc2c88844142ce821a3c6a8bd9a61b053a30c28410a8b
https://urban-soundscapes.s3.eu-central-1.wasabisys.com/soundscapes/audio/binaural/R0016_segment_binaural.wav,../soundscapes_raw/R0016_segment_binaural.wav,22ace0a8a5f71a0e6e454d7bffc9f5c8525debee5128007f87ff4abca839dd7178661f44196778049c33bf7a8b4a829c0dc53ae6f92ee464c7bdcd14826dad18
https://urban-soundscapes.s3.eu-central-1.wasabisys.com/soundscapes/audio/binaural/R0017_segment_binaural.wav,../soundscapes_raw/R0017_segment_binaural.wav,fd9f08bc88acbe5bb4688be05ef0bc8e6a8ded282212e69ac6cfc2c3770c28430bc45561549021105ffad510298ab63c59fe750f63728ddfd43c5497a2727e83
https://urban-soundscapes.s3.eu-central-1.wasabisys.com/soundscapes/audio/binaural/R0018_segment_binaural.wav,../soundscapes_raw/R0018_segment_binaural.wav,5029950b7f537807c7aa4fb24681923db1007b751f9b9bb89357acab89c1bdabc9c4ae0dee67a101b07491ae66bc7e624445b7e601085538132048f6d2016be4
https://urban-soundscapes.s3.eu-central-1.wasabisys.com/soundscapes/audio/binaural/R0019_segment_binaural.wav,../soundscapes_raw/R0019_segment_binaural.wav,6613ecc838394471ce95f4ef4e9b573889355eb060ab4e118eeb18f1a51913c0691625dc7ea5a731203bf69346e75afe6d9cfb5e7fde3b25d48f9d18dc09ca2b
https://urban-soundscapes.s3.eu-central-1.wasabisys.com/soundscapes/audio/binaural/R0020_segment_binaural.wav,../soundscapes_raw/R0020_segment_binaural.wav,8886757753249c0709979497c07dacb0caf7b8728e4e9858860ebc7f858910a3345f09bec444f9b88762be1e91c3a05266954f946908f66373a69433fd2daaa4
https://urban-soundscapes.s3.eu-central-1.wasabisys.com/soundscapes/audio/binaural/R0022_segment_binaural.wav,../soundscapes_raw/R0022_segment_binaural.wav,d13150f8cb6bf6e8e45b9f0abb8e2a7b603aba99689c55964697838a687cf6af6ea7fb6df90deddeb01f4cc0a4aeb935d26c2d16dc9ebf28e282ae70fb362466
https://urban-soundscapes.s3.eu-central-1.wasabisys.com/soundscapes/audio/binaural/R0023_segment_binaural.wav,../soundscapes_raw/R0023_segment_binaural.wav,4fe960d3ccc86b224276cd7c272d46e75be8b46b7d3250f0d01439d4e8ec66b75b1a4118e98354a8028fac209dfa9358324e3708f55595f91a69c5d0be69ee5c
https://urban-soundscapes.s3.eu-central-1.wasabisys.com/soundscapes/audio/binaural/R0024_segment_binaural.wav,../soundscapes_raw/R0024_segment_binaural.wav,0e9dfed24f47ef8b08cd09bf5ee228c5e282f58b1fc6324109d184e9da955bedcb44397dab51c781e6516e75446a931d1d8b3fc3bd22dc0c7cb71b1138cc6544
https://urban-soundscapes.s3.eu-central-1.wasabisys.com/soundscapes/audio/binaural/R0025_segment_binaural.wav,../soundscapes_raw/R0025_segment_binaural.wav,062b2092e807103d404a0d893ab5801bfe4ada3f5533340adef95f2072dde99d62f5d568b6ca163303237b0b44840c6424f1a94dd6218343945b83ef42da3f43
https://urban-soundscapes.s3.eu-central-1.wasabisys.com/soundscapes/audio/binaural/R0026_segment_binaural.wav,../soundscapes_raw/R0026_segment_binaural.wav,694de0c51a6ec09034e11bc247730ad2c586342cfaf9b1a06116024d5338e902d80390e97dcc56ce5145f45e592a5cf46042f7a9eb6263e3531b31ad5b3f6cd3
https://urban-soundscapes.s3.eu-central-1.wasabisys.com/soundscapes/audio/binaural/R0027_segment_binaural.wav,../soundscapes_raw/R0027_segment_binaural.wav,d62c482345b6d1809d08ac92b0e55a00bce5ac050133d3a1166f220229da7088f1ead3ad287419e750dbd0474633a41dffb5a17592ea7f0b116ac70a4c5f727b
https://urban-soundscapes.s3.eu-central-1.wasabisys.com/soundscapes/audio/binaural/R0028_segment_binaural.wav,../soundscapes_raw/R0028_segment_binaural.wav,03ddec6ce3319e2497170fb4ed2c57ce0b70da860c8882db520cdd40cd12ba6c57b3d0107231d1a9c1fa55e339dd38dd9f45d5d19c8e11f82892615e1ba30a55
https://urban-soundscapes.s3.eu-central-1.wasabisys.com/soundscapes/audio/binaural/R0029_segment_binaural.wav,../soundscapes_raw/R0029_segment_binaural.wav,2efd183407aa2686d2160ac7f1d2d505236348ca00ffe1248131d62841ab7e85d5e3ed442b3ba3254ceba6445ea7dc6de0ccffcbe8cccd14d39f53c95ea46e52
https://urban-soundscapes.s3.eu-central-1.wasabisys.com/soundscapes/audio/binaural/R0030_segment_binaural.wav,../soundscapes_raw/R0030_segment_binaural.wav,a4915563ce84e2c57d815feec1f9cef523fc1cf2c0a6e7d330db2775c4acb25d427f9cb0e5a4459fb718959e0290181cd19169437cc23464d7646c6a3ed446cb
https://urban-soundscapes.s3.eu-central-1.wasabisys.com/soundscapes/audio/binaural/R0031_segment_binaural.wav,../soundscapes_raw/R0031_segment_binaural.wav,4e05530eff5a848fb893383fa03f75178e4b4c39da508ee4d1fc65d76abdd9920ec34b3055d90ea4268dae4f11a4e56bc46d7db313704ad2959e87bc2b96b8d4
https://urban-soundscapes.s3.eu-central-1.wasabisys.com/soundscapes/audio/binaural/R0032_segment_binaural.wav,../soundscapes_raw/R0032_segment_binaural.wav,ef3f1dee3c6938361399451f6d685d7c8b77e00a1dae9ed4cb38fd56d4cf4507e536b1d3a26939d15caa2de069b121ad2034b97782c7ee8fb224c13d693058cf
https://urban-soundscapes.s3.eu-central-1.wasabisys.com/soundscapes/audio/binaural/R0033_segment_binaural.wav,../soundscapes_raw/R0033_segment_binaural.wav,afe094ee5a70048ddeb65458eb844fdcf7b6c64201a6959abdc19e40b5e336a34d4174f8c35571b17a2eccb31d1da01b98e0661801534661cb967a66ed349333
https://urban-soundscapes.s3.eu-central-1.wasabisys.com/soundscapes/audio/binaural/R0034_segment_binaural.wav,../soundscapes_raw/R0034_segment_binaural.wav,c47789fc3d26ce7fb23312e3d7033c68fb371453804b2b7900536a3255f35046179619f41a20ad15d9a77d9522215e362b4e8e6425dbf19752b17a10563cc028
https://urban-soundscapes.s3.eu-central-1.wasabisys.com/soundscapes/audio/binaural/R0035_segment_binaural.wav,../soundscapes_raw/R0035_segment_binaural.wav,756c9de853afd0455d5acec03b8b09fd532bc3682d5d18f78206ccbfa25d7e4b559a9eefb31f84195d61bbd982637e0c6f05c3bc8686c9f95704da7687bb1039
https://urban-soundscapes.s3.eu-central-1.wasabisys.com/soundscapes/audio/binaural/R0036_segment_binaural.wav,../soundscapes_raw/R0036_segment_binaural.wav,f5b219130a355e99ad2ef873158e2a28ffb8cfc0ccd759505b21aa9bc85c5b9e9a461b40ab3ee15d84f41eb3082bf682c5fa7a5843e3ef07f70029d2290b7d01
https://urban-soundscapes.s3.eu-central-1.wasabisys.com/soundscapes/audio/binaural/R0037_segment_binaural.wav,../soundscapes_raw/R0037_segment_binaural.wav,6d2af8376e099c038effc746220f662080126d36476f92488c733166045da52f1f6eea5b5a8280d30762bcdb2b4759d6bc381471b3a17881a67ad1ac363af173
https://urban-soundscapes.s3.eu-central-1.wasabisys.com/soundscapes/audio/binaural/R0038_segment_binaural.wav,../soundscapes_raw/R0038_segment_binaural.wav,3948c8767fa6253d44efda7c3b67c52b9e631ea99a9addbb13aa342bac8a287e8869bf965daf7f9a87e2718f639037e4c39b941425c180ac5c6bc46d287ad326
https://urban-soundscapes.s3.eu-central-1.wasabisys.com/soundscapes/audio/binaural/R0039_segment_binaural.wav,../soundscapes_raw/R0039_segment_binaural.wav,03a5e458dcb1d65c1e3d80027728c1f2c99ed82b11552a2f88eb01aa62584ae4916e318c66f1c552abc7eba5c4748832858937993a62d7e14d3d5e7dd5224f74
https://urban-soundscapes.s3.eu-central-1.wasabisys.com/soundscapes/audio/binaural/R0040_segment_binaural.wav,../soundscapes_raw/R0040_segment_binaural.wav,c4316678a9977565594973bb6854f0d50d2a6d963f04e258659d7689a2b8c4487d68da7406871f50b735ba08c5f070159d9ccc10d67d09a0aecf3e1144f4e14c
https://urban-soundscapes.s3.eu-central-1.wasabisys.com/soundscapes/audio/binaural/R0041_segment_binaural.wav,../soundscapes_raw/R0041_segment_binaural.wav,0204b8ddee19f3aec97ab67f32cddb08e8df9943544f0af2c0adf3a647b25e1928a893dbf36f863bc87abed70ecaff06ab5f3e3a4300a77a80162be819fe1c45
https://urban-soundscapes.s3.eu-central-1.wasabisys.com/soundscapes/audio/binaural/R0042_segment_binaural.wav,../soundscapes_raw/R0042_segment_binaural.wav,b79e1fa8d4c4f8ee3c611915853c75257552a798319b5443c9f10fac34d6f39c3fdebea9f963b2047a3a0531e1e17b662118287ab016cb55d2d8dd79c5e4af51
https://urban-soundscapes.s3.eu-central-1.wasabisys.com/soundscapes/audio/binaural/R0043_segment_binaural.wav,../soundscapes_raw/R0043_segment_binaural.wav,ea6cfe8aeb47b4005c2c7f6a2129bb149119c7ec324c0f33898430d498b4e4d47c759d5ce89d42f4f634541f3a1c941d25c871cc65e3daa7e78f33c0d933028a
https://urban-soundscapes.s3.eu-central-1.wasabisys.com/soundscapes/audio/binaural/R0044_segment_binaural.wav,../soundscapes_raw/R0044_segment_binaural.wav,950ee8d1f562ebf73e4256f167d6d8675d7871779fe5af73f58c3551e083ede5bdfbd7b4afe7cc3206bc2d1a0c7dedf6038032a29e382337f7cf17f229ee2e8b
https://urban-soundscapes.s3.eu-central-1.wasabisys.com/soundscapes/audio/binaural/R0045_segment_binaural.wav,../soundscapes_raw/R0045_segment_binaural.wav,f272b7a726756dd4dff2d9633d098ecfcd075b3462335d98f47462662f767671f5a9347d6f48b1095242610100e45e3732120fedfac7de7debee5cc2cdc12d4d
https://urban-soundscapes.s3.eu-central-1.wasabisys.com/soundscapes/audio/binaural/R0046_segment_binaural.wav,../soundscapes_raw/R0046_segment_binaural.wav,502b926e1447831874a74cc2aa78c4df5515c8aac44a7f670475f26cada911ca9ff570d01366ef3ca036f8f50a695276fd420d03aa967269a063d984fc9c7720
https://urban-soundscapes.s3.eu-central-1.wasabisys.com/soundscapes/audio/binaural/R0047_segment_binaural.wav,../soundscapes_raw/R0047_segment_binaural.wav,5ed9ff4fa8c3082959170d531f510a66f6bcdea31d9b16dd6d41190bfc5264092ed5fbfd993b1c09659802c31a28f42718ee10cc6c9620420c7d4c2dc69e9455
https://urban-soundscapes.s3.eu-central-1.wasabisys.com/soundscapes/audio/binaural/R0048_segment_binaural.wav,../soundscapes_raw/R0048_segment_binaural.wav,432be737de1829c591ad8aed9d39df0f275294808fb19ab546d94fa6f78cb9a65b429a583eb05606e06e60f1b7ab4f7a9d3ab20513d2d93ddea6ac1b8bfd7e9a
https://urban-soundscapes.s3.eu-central-1.wasabisys.com/soundscapes/audio/binaural/R0049_segment_binaural.wav,../soundscapes_raw/R0049_segment_binaural.wav,1d6691ee6913781a93b09d9545dfdbec92d62753340afe2ec2f41cbc6a1465ca17320f546553e7a76b38848664228cbd3e77c5ea21afaff18d7b6c1f2c83577c
https://urban-soundscapes.s3.eu-central-1.wasabisys.com/soundscapes/audio/binaural/R0050_segment_binaural.wav,../soundscapes_raw/R0050_segment_binaural.wav,ea0fc1ee7ea933b664b69e25f02b91cafef829f1f6a6e5d809b41ef8b4ddb4f13e8088bfa91734fb972a03b0a2740ac838b2289ff8798b65be4d2c8235a3c2b1
https://urban-soundscapes.s3.eu-central-1.wasabisys.com/soundscapes/audio/binaural/R0051_segment_binaural.wav,../soundscapes_raw/R0051_segment_binaural.wav,7e5317dd7c7038ac83066d2f627b63df9d19bfa49844943f772faed4e182ed84f953bffd3f19daef831d8f9472dd7d2c93280ca9da1e2a946863b7080ab49ee3
https://urban-soundscapes.s3.eu-central-1.wasabisys.com/soundscapes/audio/binaural/R0052_segment_binaural.wav,../soundscapes_raw/R0052_segment_binaural.wav,28634f5fca2158d1b06dd3c5c27661e56f3a0dffe210b729a938422428ac6f108b0dba798c5dc26207402ed42e2701d7c6f91ac16060cceb86ba8b676ecc3d3b
https://urban-soundscapes.s3.eu-central-1.wasabisys.com/soundscapes/audio/binaural/R0053_segment_binaural.wav,../soundscapes_raw/R0053_segment_binaural.wav,0a6282e485a1dcf2252cdff806fe5c5024934a91d5c6031a9147259c23768a53a35b0c55b144fe9c9d9d5091c25279688682c7ad692da4e723f42edae3e74bbb
https://urban-soundscapes.s3.eu-central-1.wasabisys.com/soundscapes/audio/binaural/R0054_segment_binaural.wav,../soundscapes_raw/R0054_segment_binaural.wav,3b3c47105d2b88cbf220a69ddab44770e805367d9a831cb2a18b437526cd1c7b010e5109d65d82ee2930c23b0bb472de0b6dfb675390ffe62a25e624a02247a7
https://urban-soundscapes.s3.eu-central-1.wasabisys.com/soundscapes/audio/binaural/R0055_segment_binaural.wav,../soundscapes_raw/R0055_segment_binaural.wav,eebc11b289fff6e70dd64e745dd8871de530a934e0e0b963b4ac2a9452bfc93cbe4122bf2fa6b54ad4bf2bb77043dd970bde90dda920994e8aad65c03b40dc43
https://urban-soundscapes.s3.eu-central-1.wasabisys.com/soundscapes/audio/binaural/R0056_segment_binaural.wav,../soundscapes_raw/R0056_segment_binaural.wav,4317bd0861076a93beea4aa132a9465ebe66c3bcde3ac3f40512fbe6dbd79f563e8976551194510a1d5454b36958e6f841dde6b722eb5de6692ec0570314462f
https://urban-soundscapes.s3.eu-central-1.wasabisys.com/soundscapes/audio/binaural/R0057_segment_binaural.wav,../soundscapes_raw/R0057_segment_binaural.wav,63117f2b12dad8ac711a54960b6152e411e870796f4644afb5572532adb7ff7f522d452c48f4644ecf28ea17ce8175a2a41b7799ef02993f3281cdac1852aa23
https://urban-soundscapes.s3.eu-central-1.wasabisys.com/soundscapes/audio/binaural/R0058_segment_binaural.wav,../soundscapes_raw/R0058_segment_binaural.wav,9d0df4daef0d8ffe81b064eedfbc8cab7f1784b3157f99c1b0e8699884380ed8fc115e359847cf2b244db5433c7ae26a2d33ab5a2bac819d0fc93ce1053817bf
https://urban-soundscapes.s3.eu-central-1.wasabisys.com/soundscapes/audio/binaural/R0059_segment_binaural.wav,../soundscapes_raw/R0059_segment_binaural.wav,105b6251c0450fbcf1413d43b6ae5d76f107bc5c44c289b05a35aaeb3b5fb924cde85f7bd43e50e50ea4176a4784e5cb11fd55f1c11d9b78307d4547e54ed309
https://urban-soundscapes.s3.eu-central-1.wasabisys.com/soundscapes/audio/binaural/R0060_segment_binaural.wav,../soundscapes_raw/R0060_segment_binaural.wav,fb9a000650006023e77b16ec2e9b3a6fa2234023b8ee14d0d0b32cadcf0f74e8e2b935d0344e203d40c109b7449a78044ef30e1fa48fe37f37612d05f0076e86
https://urban-soundscapes.s3.eu-central-1.wasabisys.com/soundscapes/audio/binaural/R0061_segment_binaural.wav,../soundscapes_raw/R0061_segment_binaural.wav,ade50860cf6b431426b96fb8a408fe6580331d1d9386c77d5535bdb36d2c09bee703ec60c79bdd2f1d60f4f6ae99b5529dc91136d25a786c1fba36fc9a810f66
https://urban-soundscapes.s3.eu-central-1.wasabisys.com/soundscapes/audio/binaural/R0062_segment_binaural.wav,../soundscapes_raw/R0062_segment_binaural.wav,b121d93eaff2a52004d9f442101ca6b7315d0c3cb6cfa1ed41f8b53fcc7b5e0dd356b7694a85d313fc3e58e067f47c8afb99d495b9c884b023d8f6844afa34fa
https://urban-soundscapes.s3.eu-central-1.wasabisys.com/soundscapes/audio/binaural/R0063_segment_binaural.wav,../soundscapes_raw/R0063_segment_binaural.wav,a9b6185398059f0d0f31cc675356f3c2b7b0aae1100acaec1f933c8c3e618aa22345cef525a071007f4fadb5898debb24c47aa0eae18ef8feb5d8af5aa4d9920
https://urban-soundscapes.s3.eu-central-1.wasabisys.com/soundscapes/audio/binaural/R0064_segment_binaural.wav,../soundscapes_raw/R0064_segment_binaural.wav,3a09cb4a21c425977ddbb74e13b762eaca29bd83e96d25e61018b6c3d0ffb26ed7225cdd5057b3676d6aeb7332a855ab7fe3e82e7f9874ae416e3ee7ddf1eeae
https://urban-soundscapes.s3.eu-central-1.wasabisys.com/soundscapes/audio/binaural/R0065_segment_binaural.wav,../soundscapes_raw/R0065_segment_binaural.wav,dd2169085d40416f2972c2cd8cbf29a1b601085be968b6c7aca4ad7a28e52fcce2af459dcf33bfe1ecf63011eb44ffbb05730d98ff978bd8994d0f0e9f7179d1
https://urban-soundscapes.s3.eu-central-1.wasabisys.com/soundscapes/audio/binaural/R0067_segment_binaural.wav,../soundscapes_raw/R0067_segment_binaural.wav,5b050d1a1c1c3b8a8286b460e87f5c318cd4714b9f48608b6f2ffa2578e181eb7e1963439d70fbfd4f15db40d3971a895704c5d9b00e58aedaae547ef7508c29
https://urban-soundscapes.s3.eu-central-1.wasabisys.com/soundscapes/audio/binaural/R0069_segment_binaural.wav,../soundscapes_raw/R0069_segment_binaural.wav,dcab2a329ce6e12748756cfabee88cf6581984aac7ef01316c50ef691c32d13aeda4778b5d50942de8e5b90a7f3390d50abb5239848dbb134c769a0e8b480fbe
https://urban-soundscapes.s3.eu-central-1.wasabisys.com/soundscapes/audio/binaural/R0070_segment_binaural.wav,../soundscapes_raw/R0070_segment_binaural.wav,43b0f866db3a96ed4c9020603d7e5dfe702e75f9d043f2cc97449f067f822bacef50690a1dd81ec4ccedee94fcd5da966445a5d0fa0599a9122df720bc63d59a
https://urban-soundscapes.s3.eu-central-1.wasabisys.com/soundscapes/audio/binaural/R0071_segment_binaural.wav,../soundscapes_raw/R0071_segment_binaural.wav,258102f70ade7fbb4326003aa56dec9c72ac653e3d99b3f92a744231b08da48847df54351eaac36779f2553494e2c8e6212ef23f154ada957b3ad1235ee10e51
https://urban-soundscapes.s3.eu-central-1.wasabisys.com/soundscapes/audio/binaural/R0072_segment_binaural.wav,../soundscapes_raw/R0072_segment_binaural.wav,8fe7e2bf225e3ba4bc3721a38fdaed0a0ea4f7ff116d54b81d23def4f200535c6e289d73b3cabb12e354ba2493a6006518b116bd4a814570426ae1744bed31cf
https://urban-soundscapes.s3.eu-central-1.wasabisys.com/soundscapes/audio/binaural/R0073_segment_binaural.wav,../soundscapes_raw/R0073_segment_binaural.wav,423b76470176d58f008e3b9e8901429e54e15fd1df494963378e0468b072434c1a6134c2a032da615ea04bf24425a1848bb9b663962a593c540461736aace19f
https://urban-soundscapes.s3.eu-central-1.wasabisys.com/soundscapes/audio/binaural/R0074_segment_binaural.wav,../soundscapes_raw/R0074_segment_binaural.wav,3f4b98ef46ba00216e706546fb3a1545a7e25a24f8ff93f71b7ebc1b17f39ed91361f179803e30335bcc9a4781496a4cab4b93c2f3e959bc14aadb606b881d85
https://urban-soundscapes.s3.eu-central-1.wasabisys.com/soundscapes/audio/binaural/R0075_segment_binaural.wav,../soundscapes_raw/R0075_segment_binaural.wav,b676c65d5da0a5131e37f9f130e85a5b423e7622c9da3a36eb128760938debecc3cb020475de68311bc655253adaf6c535d455946f38618b72ac47977a4262df
https://urban-soundscapes.s3.eu-central-1.wasabisys.com/soundscapes/audio/binaural/R0076_segment_binaural.wav,../soundscapes_raw/R0076_segment_binaural.wav,13e483984a62641136e3358301f90c8226653627bf3251fb5e345c2ee599f4cae2328a403bbe9b1b7c6cdf609eb882badd3017b69744db24ebc30a10c1c226fa
https://urban-soundscapes.s3.eu-central-1.wasabisys.com/soundscapes/audio/binaural/R0078_segment_binaural.wav,../soundscapes_raw/R0078_segment_binaural.wav,9aed2e0657871f13390b882cdb47dcce0c048142e98b695d12864a2eef684058620ed6bb667b49b80eaf7aef9df020bf767cbdf7e988ee088fecb103c99b5ce0
https://urban-soundscapes.s3.eu-central-1.wasabisys.com/soundscapes/audio/binaural/R0079_segment_binaural.wav,../soundscapes_raw/R0079_segment_binaural.wav,c42b068f668fb25e9d7687e6903a1f7f683c4c9101f72afdc6e857d7309b81138a413d0b49d63b6e7fad0a6c1c8f0cc4cd0847c8bf1323d89fc12a1f3078ae66
https://urban-soundscapes.s3.eu-central-1.wasabisys.com/soundscapes/audio/binaural/R0080_segment_binaural.wav,../soundscapes_raw/R0080_segment_binaural.wav,76be364b9e6ac7bcf0321b8a0c58f47b243b4efd37a14e96c282e8f98a8aa80bdeeec80d2cf57d320731cb672e48a862d0e951474968eae1d27a53cf823e3651
https://urban-soundscapes.s3.eu-central-1.wasabisys.com/soundscapes/audio/binaural/R0081_segment_binaural.wav,../soundscapes_raw/R0081_segment_binaural.wav,537ad04add46a973cf357352ad9dc5b0bf40521c4f7471cc69147668f983538a83bb14a73d35794b6fc87ffb32716a751f5666053cd75e09b33d12b4e6ea447c
https://urban-soundscapes.s3.eu-central-1.wasabisys.com/soundscapes/audio/binaural/R0082_segment_binaural.wav,../soundscapes_raw/R0082_segment_binaural.wav,00f617a172ad59e043e062c83963e294ab6f7eab7e6eb1f71f93f073306a463d5d7467dcc03d56cd43a1d9894304641a037ad6db23f3f0c242d771a68b62af0e
https://urban-soundscapes.s3.eu-central-1.wasabisys.com/soundscapes/audio/binaural/R0084_segment_binaural.wav,../soundscapes_raw/R0084_segment_binaural.wav,e30874ff1b68246bd74a14f999876963ee162c66c6f900cc783867ac00c61b67914ab2049158937a3bd9b2429ea3233f2f6a0d6d3d2eaec23e5f572833b7ca8d
https://urban-soundscapes.s3.eu-central-1.wasabisys.com/soundscapes/audio/binaural/R0085_segment_binaural.wav,../soundscapes_raw/R0085_segment_binaural.wav,56f7a032fdf7c8e2b4cacd59dcfd3f806d82f4abc0111620000c9a8171347840a151301193da0b4df8fc6fe3dbf780bb7261e3df27f750706b4ddb523e50b010
https://urban-soundscapes.s3.eu-central-1.wasabisys.com/soundscapes/audio/binaural/R0087_segment_binaural.wav,../soundscapes_raw/R0087_segment_binaural.wav,679e53c1e44aa314c778d01e8356d9156353cdfd2bab59092a8e5e98b0bc9f9f462388bd0020b6c99de42f57e550a8dceb18b824ff0afeea6aca74cf0b876d46
https://urban-soundscapes.s3.eu-central-1.wasabisys.com/soundscapes/audio/binaural/R0088_segment_binaural.wav,../soundscapes_raw/R0088_segment_binaural.wav,6151e5158a8b5346b8b5cf52b589a5b46d6af49b83d1f98fddc33bccf22047407119b0f33068e21474072f5272f912ca510d19161930b99aa52e727901648773
https://urban-soundscapes.s3.eu-central-1.wasabisys.com/soundscapes/audio/binaural/R0089_segment_binaural.wav,../soundscapes_raw/R0089_segment_binaural.wav,9466f8bce7474cbe0a9d182f8aeaf4efbb699e2673cebedb2e0c5e1a786a3744d4a8a2cfa3deb514b3d202c8d5fb1ab924a88de149f460707da6b58a5352df79
https://urban-soundscapes.s3.eu-central-1.wasabisys.com/soundscapes/audio/binaural/R0090_segment_binaural.wav,../soundscapes_raw/R0090_segment_binaural.wav,6782b8eb36f853721679d87189db96effeb7aa425138ad18e89f4fa5050f66665980c2473bcd6385b85a121a73cf378a84ef805715f36164c4ae5467cf65905d
https://urban-soundscapes.s3.eu-central-1.wasabisys.com/soundscapes/audio/binaural/R0091_segment_binaural.wav,../soundscapes_raw/R0091_segment_binaural.wav,4bcf0b90d3c1da139ccb8c22fc941771a8b4d469b29b15b503756c6cb246ede13664a2f415682174e9b12859b4dd1e7b02cadd84306c1a24138f26ac1b3cfda0
https://urban-soundscapes.s3.eu-central-1.wasabisys.com/soundscapes/audio/binaural/R0092_segment_binaural.wav,../soundscapes_raw/R0092_segment_binaural.wav,b2ea7801797b3ef9e2ccf4d37a5f6b7b7ad1277bb322067c88bc381308317a47b584233b069cdc7bf55b40b4d46679b3efc453ceee961c9a6e6c5d275250e721
https://urban-soundscapes.s3.eu-central-1.wasabisys.com/soundscapes/audio/binaural/R0094_segment_binaural.wav,../soundscapes_raw/R0094_segment_binaural.wav,c49a88e96e8f474c11aeecb8427f186b08956d888e9428a2bba79687a5c99d510b999d1c9a1394f4773301614c940b509f99d586b72618e9e0c83aa2628b0958
https://urban-soundscapes.s3.eu-central-1.wasabisys.com/soundscapes/audio/binaural/R0095_segment_binaural.wav,../soundscapes_raw/R0095_segment_binaural.wav,6785e0c198d27621e771e71fd7d1c7dd6a54fdae43a2dbacf3ceee5b455b6b969ea418ce175b9175f3af38496f11c77c52021c04fc724603516662297719b994
https://urban-soundscapes.s3.eu-central-1.wasabisys.com/soundscapes/audio/binaural/R0096_segment_binaural.wav,../soundscapes_raw/R0096_segment_binaural.wav,393951edb8c55fd7428fa6e217ca64a10625cc659646dba35ba3f682dbaee3949fa4d2c5f09bef0344f86b889885bca688c2ad6264599e2dcca0a6d395fe26c6
https://urban-soundscapes.s3.eu-central-1.wasabisys.com/soundscapes/audio/binaural/R0097_segment_binaural.wav,../soundscapes_raw/R0097_segment_binaural.wav,49811004c00d92de153a86c1699e823e1de34e3f5f9d668804a35ae3c09faa6087c727460c85ee6a1d8e76b985132fb5f0d017fa3a4d7e589c1ed8e750751d3e
https://urban-soundscapes.s3.eu-central-1.wasabisys.com/soundscapes/audio/binaural/R0098_segment_binaural.wav,../soundscapes_raw/R0098_segment_binaural.wav,9458b64d6e0e53d904606ad9983e62836909d81c2dedbead9a45a5dd7fb2b7f82382c722b631a675da7cd02510d7053abcd9e702b0afc76a39c9ced94534de63
https://urban-soundscapes.s3.eu-central-1.wasabisys.com/soundscapes/audio/binaural/R0099_segment_binaural.wav,../soundscapes_raw/R0099_segment_binaural.wav,b201785dfcf8cd08ebd3ce1efe01c209a0ab4db10cb52b8fd632654aa08c48e4b0ba592d47732238a539237351ffd2413f2fe9452375817345fd3140a8b3fa43
https://urban-soundscapes.s3.eu-central-1.wasabisys.com/soundscapes/audio/binaural/R0103_segment_binaural.wav,../soundscapes_raw/R0103_segment_binaural.wav,f46f949965c20732720b2dc55e160d5b33ffe2a9abe2de8cae74ca912218524c653d7793b705923b6e533a9b4745d995a712a96dd12203728638a79e30f88361
https://urban-soundscapes.s3.eu-central-1.wasabisys.com/soundscapes/audio/binaural/R0104_segment_binaural.wav,../soundscapes_raw/R0104_segment_binaural.wav,80b6efd2db12833673716d779c71f5e09ad81115b9e7d7935ba76f528ab59e2f5ed5ef75a5d5fc76a19028e86ea3e41ec8ad0322e76104a564c2c8c6a360fc78
https://urban-soundscapes.s3.eu-central-1.wasabisys.com/soundscapes/audio/binaural/R0105_segment_binaural.wav,../soundscapes_raw/R0105_segment_binaural.wav,dd6e455ac4769870875fadd07fc7b1e8444abe532ecc4b9d678aeddc24d89dff96b1c27f260db98cc213b44d6e9de33ae4b34b5b54df79333dbe02ce663ccf2f
https://urban-soundscapes.s3.eu-central-1.wasabisys.com/soundscapes/audio/binaural/R0106_segment_binaural.wav,../soundscapes_raw/R0106_segment_binaural.wav,da3dad39a1684e5682b55473554ca7e05478c60e54a2b1cdbcfe6e362b404f1daac5b6dd6680b8741d7d9d892bb4996054975d58275631c399343914363cc644
https://urban-soundscapes.s3.eu-central-1.wasabisys.com/soundscapes/audio/binaural/R0107_segment_binaural.wav,../soundscapes_raw/R0107_segment_binaural.wav,8d52002ba12f0ee7cc2a164cc40467e0dc3958a0be409525e378a6f06bd9809da6e366a65dde6cdd04038fb4516122b2e413bd2dbcce710820cfee5f93a0b169
https://urban-soundscapes.s3.eu-central-1.wasabisys.com/soundscapes/audio/binaural/R0108_segment_binaural.wav,../soundscapes_raw/R0108_segment_binaural.wav,af0f2a52907d7b009c6032f70721b7b66b38e4370de02f78b416e018d09dae824c9b8da041ab9caf2d11515db56ed5680d839b0cbfdf80dce9108f512bb7c0bd
https://urban-soundscapes.s3.eu-central-1.wasabisys.com/soundscapes/audio/binaural/R0109_segment_binaural.wav,../soundscapes_raw/R0109_segment_binaural.wav,74b757459bd75b3de333074e6171fda1643b67f6442f934e17628ffab6eec91fa219dc1ba166bcd580731a9d0179ae4262807f82070287d06e80a62478a6bd6f
https://urban-soundscapes.s3.eu-central-1.wasabisys.com/soundscapes/audio/binaural/R0110_segment_binaural.wav,../soundscapes_raw/R0110_segment_binaural.wav,59ca635f429e268da6a226373b4221a115f6f4a70b9c0c1d7db123e4803e2031ca7dbc9a92eb942bc93cb296f3928c25affcaff44d96da5a10341d09852ed56a
https://urban-soundscapes.s3.eu-central-1.wasabisys.com/soundscapes/audio/binaural/R0111_segment_binaural.wav,../soundscapes_raw/R0111_segment_binaural.wav,744beb5fe38778631c5ed2824795bab3881b777897d16e729422ba7278d438937c0fb46647423febd9ccbe590fd63d93948aeaf28bbfe98a554492c716d9c346
https://urban-soundscapes.s3.eu-central-1.wasabisys.com/soundscapes/audio/binaural/R0112_segment_binaural.wav,../soundscapes_raw/R0112_segment_binaural.wav,39ad2ebcb313e6ef39a34b259c0dacc50f4254c6c8d8966af3cceec8c06cc1b9ca6cc30765f6d9dee3b1d46a7dfd07c333ed70cd4f7050d10d0bed29ba057453
https://urban-soundscapes.s3.eu-central-1.wasabisys.com/soundscapes/audio/binaural/R0113_segment_binaural.wav,../soundscapes_raw/R0113_segment_binaural.wav,b7234869f3cdf813d26531944bb0d124e94ca8c5077a31e7699b6c5d2e4f7e0980c95a5d5aec4aae8cbaa786c70d4dfa5ac022467620aee170f296c8a1a9d48e
https://urban-soundscapes.s3.eu-central-1.wasabisys.com/soundscapes/audio/binaural/R0114_segment_binaural.wav,../soundscapes_raw/R0114_segment_binaural.wav,b380edc6e18bc83b6f07af4bbc2810d4421a8e7b0d8bfc76f1b4b3f94e6a8c2f8dde20ed605d980cec467406ef77e493a9024375f749b715df79b901d4853ea4
https://urban-soundscapes.s3.eu-central-1.wasabisys.com/soundscapes/audio/binaural/R0115_segment_binaural.wav,../soundscapes_raw/R0115_segment_binaural.wav,4abe09edb4998cef97f357629181ebccab522b5af1ff6b03ad9bed1f5b0b9f0661ac4fac024ff4f3f1691edf5ed8668318ddf9b3c2169c3e7fd48f9f9a01bd4b
https://urban-soundscapes.s3.eu-central-1.wasabisys.com/soundscapes/audio/binaural/R0116_segment_binaural.wav,../soundscapes_raw/R0116_segment_binaural.wav,b2208fc693dcfbfccdc59897ed83b42e6aed65f5812531cc3af9e177de6c123bf6a298663959f449ff2fb7c62656b4fced67e76fe4f16314782c716b9027f5bb
https://urban-soundscapes.s3.eu-central-1.wasabisys.com/soundscapes/audio/binaural/R0117_segment_binaural.wav,../soundscapes_raw/R0117_segment_binaural.wav,05826ebc617e2d3db556a1f5c461ded9bcc26472a58e3d66037f249b55a83359529a749d5ac42bc251dccfda8daeb01d6aab8bb06ce714d98829374b5cbe685a
https://urban-soundscapes.s3.eu-central-1.wasabisys.com/soundscapes/audio/binaural/R0118_segment_binaural.wav,../soundscapes_raw/R0118_segment_binaural.wav,2aaa137c7482f2ea0b466e9cf7d658b6ab47ca32b40b59c299ce6b20b57d8695f9dcd3ab764d2c9fd1ee5f3ef611357e478dfe13a50262a47211600fb4c0485f
https://urban-soundscapes.s3.eu-central-1.wasabisys.com/soundscapes/audio/binaural/R0119_segment_binaural.wav,../soundscapes_raw/R0119_segment_binaural.wav,4fd0234dc778163229eb78e9af5843aab465c7c425aeffe04350b66e47772997640b32c5e6d5ca63fccfcea47d9c1147af279302766ee63e574a8c6485d7001d
https://urban-soundscapes.s3.eu-central-1.wasabisys.com/soundscapes/audio/binaural/R0120_segment_binaural.wav,../soundscapes_raw/R0120_segment_binaural.wav,f09c279af699c819a69ac1970ed7b3aa5ea9635f8719fb1c004c849039814fa1bad9fc3b9c9ae342adbbb82fd83313f38ca215101707f37c58d498bdee512d11
https://urban-soundscapes.s3.eu-central-1.wasabisys.com/soundscapes/audio/binaural/R0121_segment_binaural.wav,../soundscapes_raw/R0121_segment_binaural.wav,71216e2bfee4784c5b203b9bcf64807e3d15d8b733c3f674fe2dba57bf430b44da58fbe368982fda8b8f3a98083603826c31c29016137de6ef0f2245297e17f1
https://urban-soundscapes.s3.eu-central-1.wasabisys.com/soundscapes/audio/binaural/R0122_segment_binaural.wav,../soundscapes_raw/R0122_segment_binaural.wav,965d07fe19d49e8b2104920013d85fbd020c4e93ecfcc721ac6499bbece7f235f70d6c135cb1536b9decba07100a9d671259714f00ac2163b319fe4b46f10412
https://urban-soundscapes.s3.eu-central-1.wasabisys.com/soundscapes/audio/binaural/R0123_segment_binaural.wav,../soundscapes_raw/R0123_segment_binaural.wav,f9c3d73849f45779cbe037e948634b628688eee0f28691563969341c01306489b8692c5de291fbd3139a41e9133e4b177b2407c1d9ada8851cdc0c9596eafc9a
https://urban-soundscapes.s3.eu-central-1.wasabisys.com/soundscapes/audio/binaural/R0124_segment_binaural.wav,../soundscapes_raw/R0124_segment_binaural.wav,f49f138710960058c742326535b6693c8f78af3ab02d96c219da94c8bf4780109df6c1b6cbb31bfd0b2ae8899afb4a892b29f125163e83d9fed3a60afbb06ce6
https://urban-soundscapes.s3.eu-central-1.wasabisys.com/soundscapes/audio/binaural/R0126_segment_binaural.wav,../soundscapes_raw/R0126_segment_binaural.wav,a7d48ffd45f385d57cafa0e2ff7dde5c9184a5e3ef7efeb5a697ceb79006aed1d4a5b5be9b70728d60ab5a36b5aa650a2e7c762f39b2cada2da86317c54a7092
https://urban-soundscapes.s3.eu-central-1.wasabisys.com/soundscapes/audio/binaural/R0127_segment_binaural.wav,../soundscapes_raw/R0127_segment_binaural.wav,ef4a1e926d2b4d5f16c9b6feeff43def3b40fe624185bd85a9ae18ea9457e540e6c6fc2130a41b47edf178d45deb0489e71dd777606266d2ce166e7acb91182d
https://urban-soundscapes.s3.eu-central-1.wasabisys.com/soundscapes/audio/binaural/R0128_segment_binaural.wav,../soundscapes_raw/R0128_segment_binaural.wav,940410c891821320ddca671cc3e6e312a29245be33e7fe76218ce235a9718b5fb6e91cb995ae8a09a074d5c9251e3c5bbddb4ee9365d9029039cc3337bb2d8fc
https://urban-soundscapes.s3.eu-central-1.wasabisys.com/soundscapes/audio/binaural/R0129_segment_binaural.wav,../soundscapes_raw/R0129_segment_binaural.wav,dd6c494ef4d9a2970b2add0f5a804138190b9b2e03ec55b64e3fe13e55649691ad896f9c5eee98482affd812c600fd38a822cc220654738fbc205f084e102a00
https://urban-soundscapes.s3.eu-central-1.wasabisys.com/soundscapes/audio/binaural/R0130_segment_binaural.wav,../soundscapes_raw/R0130_segment_binaural.wav,84b454ab1f2dff77caf8349393f2cb857f486ba1855d998383acbd9525b1d56b14be2f01e0ce7c16562749b2b9a8246700f2ee6f6641ac66c2a6329f4d034b6f
https://urban-soundscapes.s3.eu-central-1.wasabisys.com/soundscapes/audio/binaural/R0131_segment_binaural.wav,../soundscapes_raw/R0131_segment_binaural.wav,8ab1840cab00fa9e9e8100d712f32bf3f48a72a51df42400f1324a8ade21d3b191c76670ca2df258196c148594db3e8795ce9fb6ab654dcf24d63873b83a4bb3
https://urban-soundscapes.s3.eu-central-1.wasabisys.com/soundscapes/audio/binaural/R0132_segment_binaural.wav,../soundscapes_raw/R0132_segment_binaural.wav,3b7ff80dfe4884d110f126e8503fe427f2dd9b3f7810f828d92ad4c988231227f59247bf04be85781c4a117443fac7a1d874d214349da6b0281ce9ae9ac77362
https://urban-soundscapes.s3.eu-central-1.wasabisys.com/soundscapes/audio/binaural/R0133_segment_binaural.wav,../soundscapes_raw/R0133_segment_binaural.wav,80a6591ff174b118a7a9b35bcc7dd363938d4af7cfa0ae8cc5a545d06c173bbd55a674746baa388cbbc30715477d375c28aaf58da21cb395eb2b29a934ea8d7f
